{"mean":{"confidence_interval":{"confidence_level":0.95,"lower_bound":6393567.506743421,"upper_bound":6441206.227631578},"point_estimate":6417437.659210527,"standard_error":12181.684994546082},"median":{"confidence_interval":{"confidence_level":0.95,"lower_bound":6380433.578947368,"upper_bound":6457750.440789474},"point_estimate":6412547.743421053,"standard_error":19831.06087616855},"median_abs_dev":{"confidence_interval":{"confidence_level":0.95,"lower_bound":8228.527393388156,"upper_bound":67103.97691656045},"point_estimate":54122.2144996649,"standard_error":16163.59022315959},"slope":null,"std_dev":{"confidence_interval":{"confidence_level":0.95,"lower_bound":25291.45887961923,"upper_bound":48182.347957430546},"point_estimate":40532.81276531488,"standard_error":5812.895674111834}}