{"mean":{"confidence_interval":{"confidence_level":0.95,"lower_bound":18.677887216266775,"upper_bound":18.859161763055635},"point_estimate":18.768677794777204,"standard_error":0.04611406422683461},"median":{"confidence_interval":{"confidence_level":0.95,"lower_bound":18.636942508143186,"upper_bound":18.89342009624347},"point_estimate":18.757862128380808,"standard_error":0.0694127104504622}}