{"mean":{"confidence_interval":{"confidence_level":0.95,"lower_bound":14005069.323125,"upper_bound":14056076.047625},"point_estimate":14030335.28,"standard_error":13001.206983613662},"median":{"confidence_interval":{"confidence_level":0.95,"lower_bound":13978597.5,"upper_bound":14046335.0},"point_estimate":14012776.75,"standard_error":16671.779177966524},"median_abs_dev":{"confidence_interval":{"confidence_level":0.95,"lower_bound":87402.23364830017,"upper_bound":161678.26842963696},"point_estimate":127342.5503142178,"standard_error":20928.307972622242},"slope":null,"std_dev":{"confidence_interval":{"confidence_level":0.95,"lower_bound":111275.92810323361,"upper_bound":148798.57133391575},"point_estimate":130852.43409039691,"standard_error":9593.937326568785}}