{"mean":{"confidence_interval":{"confidence_level":0.95,"lower_bound":4098484.851393443,"upper_bound":4119648.645081967},"point_estimate":4108802.1696721315,"standard_error":5436.753992634331},"median":{"confidence_interval":{"confidence_level":0.95,"lower_bound":4092563.0532786883,"upper_bound":4126647.4344262294},"point_estimate":4104469.0573770492,"standard_error":10640.80102772703},"median_abs_dev":{"confidence_interval":{"confidence_level":0.95,"lower_bound":2470.777161052992,"upper_bound":28632.499323638884},"point_estimate":21516.578463086662,"standard_error":7769.458487422317},"slope":null,"std_dev":{"confidence_interval":{"confidence_level":0.95,"lower_bound":11668.830660443238,"upper_bound":21213.787156607505},"point_estimate":18151.68210582952,"standard_error":2462.408078264968}}