{"mean":{"confidence_interval":{"confidence_level":0.95,"lower_bound":12.962842216098297,"upper_bound":13.144506720399157},"point_estimate":13.053559372600072,"standard_error":0.046345920835584045},"median":{"confidence_interval":{"confidence_level":0.95,"lower_bound":12.956806881607077,"upper_bound":13.178046282893611},"point_estimate":13.067294659372358,"standard_error":0.059443431300680166}}