{"mean":{"confidence_interval":{"confidence_level":0.95,"lower_bound":20.33064037565041,"upper_bound":20.57013611661985},"point_estimate":20.450615434818857,"standard_error":0.06141170315100612},"median":{"confidence_interval":{"confidence_level":0.95,"lower_bound":20.278293165405586,"upper_bound":20.524576264206956},"point_estimate":20.38494449862482,"standard_error":0.06059708458209169}}