{"mean":{"confidence_interval":{"confidence_level":0.95,"lower_bound":42046.85433637285,"upper_bound":42243.28199974671},"point_estimate":42141.50556399866,"standard_error":50.355208077431534},"median":{"confidence_interval":{"confidence_level":0.95,"lower_bound":42007.83958122256,"upper_bound":42190.48733535968},"point_estimate":42092.61989192841,"standard_error":50.3746568411311},"median_abs_dev":{"confidence_interval":{"confidence_level":0.95,"lower_bound":155.09167384231762,"upper_bound":360.87815245837425},"point_estimate":240.72346381141006,"standard_error":56.91962936267307},"slope":null,"std_dev":{"confidence_interval":{"confidence_level":0.95,"lower_bound":222.1234472190543,"upper_bound":402.77722580060146},"point_estimate":322.2322375921715,"standard_error":46.17014175649532}}