{"mean":{"confidence_interval":{"confidence_level":0.95,"lower_bound":373574276.2,"upper_bound":375431608.22375},"point_estimate":374275919.5,"standard_error":521444.33936109877},"median":{"confidence_interval":{"confidence_level":0.95,"lower_bound":373497002.5,"upper_bound":374308883.25},"point_estimate":373615683.75,"standard_error":217131.29954941428},"median_abs_dev":{"confidence_interval":{"confidence_level":0.95,"lower_bound":57965.95247089863,"upper_bound":839098.2115030289},"point_estimate":286446.4692145586,"standard_error":250941.69664569007},"slope":null,"std_dev":{"confidence_interval":{"confidence_level":0.95,"lower_bound":154648.17298704918,"upper_bound":2659463.9537220276},"point_estimate":1741244.3395416331,"standard_error":828321.2374631024}}