{"mean":{"confidence_interval":{"confidence_level":0.95,"lower_bound":2381118.33118932,"upper_bound":2489128.785922331},"point_estimate":2438667.45776699,"standard_error":27787.13904877274},"median":{"confidence_interval":{"confidence_level":0.95,"lower_bound":2378472.905339806,"upper_bound":2503985.5},"point_estimate":2458343.0849514566,"standard_error":32728.17298105703},"median_abs_dev":{"confidence_interval":{"confidence_level":0.95,"lower_bound":11788.04803295304,"upper_bound":147379.13866213828},"point_estimate":69930.4766817863,"standard_error":34925.86277005145},"slope":null,"std_dev":{"confidence_interval":{"confidence_level":0.95,"lower_bound":38237.24309328968,"upper_bound":119265.70917374434},"point_estimate":92673.18322941003,"standard_error":20565.29185867237}}