{"mean":{"confidence_interval":{"confidence_level":0.95,"lower_bound":193673576.60000002,"upper_bound":194141595.01583332},"point_estimate":193907243.03333333,"standard_error":119859.79413863282},"median":{"confidence_interval":{"confidence_level":0.95,"lower_bound":193638420.0,"upper_bound":194214672.3333333},"point_estimate":193909454.5,"standard_error":145771.30930225912},"median_abs_dev":{"confidence_interval":{"confidence_level":0.95,"lower_bound":52968.60215961197,"upper_bound":696874.8670280274},"point_estimate":364095.1718360333,"standard_error":164652.59212504397},"slope":null,"std_dev":{"confidence_interval":{"confidence_level":0.95,"lower_bound":209025.0451851993,"upper_bound":515879.7850644403},"point_estimate":399459.18240280065,"standard_error":78117.33646190216}}