{"mean":{"confidence_interval":{"confidence_level":0.95,"lower_bound":4459972.782142857,"upper_bound":4554992.651785714},"point_estimate":4500298.609821429,"standard_error":24958.819491360246},"median":{"confidence_interval":{"confidence_level":0.95,"lower_bound":4445190.473214285,"upper_bound":4524085.5625},"point_estimate":4476741.790178571,"standard_error":21620.89314194097},"median_abs_dev":{"confidence_interval":{"confidence_level":0.95,"lower_bound":7454.4861926559215,"upper_bound":94185.34032787645},"point_estimate":49302.62441845266,"standard_error":22271.611250738082},"slope":null,"std_dev":{"confidence_interval":{"confidence_level":0.95,"lower_bound":23917.238498182098,"upper_bound":121145.42127923916},"point_estimate":83138.44349310551,"standard_error":29382.703504222252}}