{"mean":{"confidence_interval":{"confidence_level":0.95,"lower_bound":18507.25596388766,"upper_bound":18966.917079089162},"point_estimate":18693.63309713611,"standard_error":120.34261814445719},"median":{"confidence_interval":{"confidence_level":0.95,"lower_bound":18428.875110717447,"upper_bound":18562.112784174788},"point_estimate":18470.166961913197,"standard_error":46.13156443462081},"median_abs_dev":{"confidence_interval":{"confidence_level":0.95,"lower_bound":100.3884769599986,"upper_bound":239.29642892259258},"point_estimate":146.32182729597997,"standard_error":35.37135587867334},"slope":null,"std_dev":{"confidence_interval":{"confidence_level":0.95,"lower_bound":213.07388088001753,"upper_bound":1218.0736899118215},"point_estimate":768.277832621635,"standard_error":302.9163076279615}}