{"mean":{"confidence_interval":{"confidence_level":0.95,"lower_bound":23536630.34852273,"upper_bound":26997845.595454544},"point_estimate":25174736.977272727,"standard_error":888074.7564343344},"median":{"confidence_interval":{"confidence_level":0.95,"lower_bound":22861288.886363637,"upper_bound":27566803.340909094},"point_estimate":24289551.909090906,"standard_error":1212288.6597067392},"median_abs_dev":{"confidence_interval":{"confidence_level":0.95,"lower_bound":695908.9082178777,"upper_bound":5034893.033535508},"point_estimate":2708012.521232259,"standard_error":1112873.5041448164},"slope":null,"std_dev":{"confidence_interval":{"confidence_level":0.95,"lower_bound":1423651.3930941827,"upper_bound":3675580.325715418},"point_estimate":2970977.2645759783,"standard_error":563759.8102903276}}