{"mean":{"confidence_interval":{"confidence_level":0.95,"lower_bound":487240369.535,"upper_bound":497455277.1},"point_estimate":491912562.9,"standard_error":2629756.093028174},"median":{"confidence_interval":{"confidence_level":0.95,"lower_bound":485184353.0,"upper_bound":498592303.5},"point_estimate":489428993.5,"standard_error":2660642.4876455176},"median_abs_dev":{"confidence_interval":{"confidence_level":0.95,"lower_bound":959460.1251661777,"upper_bound":12600123.470503092},"point_estimate":5816156.671142578,"standard_error":2875028.3147192267},"slope":null,"std_dev":{"confidence_interval":{"confidence_level":0.95,"lower_bound":2724439.3154463153,"upper_bound":11114863.940810524},"point_estimate":8775675.782498544,"standard_error":2192040.1550186104}}