{"mean":{"confidence_interval":{"confidence_level":0.95,"lower_bound":70676.09117151162,"upper_bound":71359.1496522529},"point_estimate":71004.28821220931,"standard_error":174.48189041806614},"median":{"confidence_interval":{"confidence_level":0.95,"lower_bound":70278.36889534883,"upper_bound":71171.87005813954},"point_estimate":70615.83139534884,"standard_error":237.35303996781244},"median_abs_dev":{"confidence_interval":{"confidence_level":0.95,"lower_bound":500.32189361752376,"upper_bound":1442.1120647462308},"point_estimate":837.7267375692385,"standard_error":231.62471272419882},"slope":null,"std_dev":{"confidence_interval":{"confidence_level":0.95,"lower_bound":803.8159874586968,"upper_bound":1356.7875096213027},"point_estimate":1120.061205681257,"standard_error":141.11750068223586}}