{"mean":{"confidence_interval":{"confidence_level":0.95,"lower_bound":110767476.581,"upper_bound":111611028.62700002},"point_estimate":111153341.78000002,"standard_error":217400.01892668215},"median":{"confidence_interval":{"confidence_level":0.95,"lower_bound":110667640.0,"upper_bound":111617498.0},"point_estimate":111010270.80000001,"standard_error":222432.2403408692},"median_abs_dev":{"confidence_interval":{"confidence_level":0.95,"lower_bound":141405.0481295674,"upper_bound":1072853.5224330602},"point_estimate":658120.197916042,"standard_error":256360.3092936413},"slope":null,"std_dev":{"confidence_interval":{"confidence_level":0.95,"lower_bound":307769.7091509745,"upper_bound":997525.549501801},"point_estimate":724637.0494496439,"standard_error":195508.51105869532}}