{"mean":{"confidence_interval":{"confidence_level":0.95,"lower_bound":86853152.96666667,"upper_bound":113952319.57416669},"point_estimate":100187505.93333332,"standard_error":6955179.206804512},"median":{"confidence_interval":{"confidence_level":0.95,"lower_bound":80389420.66666666,"upper_bound":120367258.5},"point_estimate":97724710.33333334,"standard_error":11201252.53467535},"median_abs_dev":{"confidence_interval":{"confidence_level":0.95,"lower_bound":1459232.2212934569,"upper_bound":39464904.1815579},"point_estimate":21787965.265086282,"standard_error":9623004.95888715},"slope":null,"std_dev":{"confidence_interval":{"confidence_level":0.95,"lower_bound":13992219.074334845,"upper_bound":28512067.127180025},"point_estimate":23244894.857790425,"standard_error":3723293.367830846}}