{"mean":{"confidence_interval":{"confidence_level":0.95,"lower_bound":87795933.41666666,"upper_bound":91060575.56666668},"point_estimate":89353167.23333333,"standard_error":842003.5180156486},"median":{"confidence_interval":{"confidence_level":0.95,"lower_bound":86711069.5,"upper_bound":92934998.33333333},"point_estimate":88827037.5,"standard_error":1432265.1521960355},"median_abs_dev":{"confidence_interval":{"confidence_level":0.95,"lower_bound":98903.25584413094,"upper_bound":3748322.720403973},"point_estimate":3200619.155527655,"standard_error":1189859.533680402},"slope":null,"std_dev":{"confidence_interval":{"confidence_level":0.95,"lower_bound":1204383.7063944878,"upper_bound":3257096.466708292},"point_estimate":2809489.0742536876,"standard_error":441383.353844011}}