{"mean":{"confidence_interval":{"confidence_level":0.95,"lower_bound":204569579.3191667,"upper_bound":302865879.1},"point_estimate":252162066.2,"standard_error":25255776.770731855},"median":{"confidence_interval":{"confidence_level":0.95,"lower_bound":176018011.0,"upper_bound":342046320.6666667},"point_estimate":233957341.3333333,"standard_error":37705830.53839783},"median_abs_dev":{"confidence_interval":{"confidence_level":0.95,"lower_bound":16795510.251820095,"upper_bound":134973434.3102425},"point_estimate":97085521.80648743,"standard_error":33453914.53273041},"slope":null,"std_dev":{"confidence_interval":{"confidence_level":0.95,"lower_bound":44543671.833194986,"upper_bound":101947385.8037511},"point_estimate":84049714.82078816,"standard_error":13923813.434774952}}