{"mean":{"confidence_interval":{"confidence_level":0.95,"lower_bound":17594884.781481482,"upper_bound":20639887.54074074},"point_estimate":19213325.144444443,"standard_error":780898.2562514311},"median":{"confidence_interval":{"confidence_level":0.95,"lower_bound":17089177.24074074,"upper_bound":21415467.62962963},"point_estimate":19860838.25925926,"standard_error":1038175.0429653502},"median_abs_dev":{"confidence_interval":{"confidence_level":0.95,"lower_bound":623348.7258222364,"upper_bound":4432509.428218339},"point_estimate":2442365.2398837917,"standard_error":983363.7262979553},"slope":null,"std_dev":{"confidence_interval":{"confidence_level":0.95,"lower_bound":1215473.1251536869,"upper_bound":3242379.6983533916},"point_estimate":2609793.3699058085,"standard_error":508596.59799388814}}