{"mean":{"confidence_interval":{"confidence_level":0.95,"lower_bound":96721.83472227702,"upper_bound":98310.84003403712},"point_estimate":97512.77286898185,"standard_error":405.74384041517465},"median":{"confidence_interval":{"confidence_level":0.95,"lower_bound":96757.00355169692,"upper_bound":98567.78966061563},"point_estimate":97745.82083662195,"standard_error":456.6590511100121},"median_abs_dev":{"confidence_interval":{"confidence_level":0.95,"lower_bound":1432.5865055057395,"upper_bound":3698.6130172094117},"point_estimate":2189.700697036649,"standard_error":628.6989322356397},"slope":null,"std_dev":{"confidence_interval":{"confidence_level":0.95,"lower_bound":1979.6011733324717,"upper_bound":3161.4746478569464},"point_estimate":2599.4464945029836,"standard_error":304.70703065971423}}