{"mean":{"confidence_interval":{"confidence_level":0.95,"lower_bound":5119693.230350001,"upper_bound":5139792.990525},"point_estimate":5129649.232000001,"standard_error":5122.041765406501},"median":{"confidence_interval":{"confidence_level":0.95,"lower_bound":5113190.8,"upper_bound":5136001.3},"point_estimate":5120616.65,"standard_error":5667.99769278748},"median_abs_dev":{"confidence_interval":{"confidence_level":0.95,"lower_bound":40669.57052797079,"upper_bound":68462.83441454144},"point_estimate":57059.26845699507,"standard_error":7288.349175548667},"slope":null,"std_dev":{"confidence_interval":{"confidence_level":0.95,"lower_bound":44642.64922479313,"upper_bound":57963.96841245254},"point_estimate":51573.111110103935,"standard_error":3405.5256658426483}}