{"mean":{"confidence_interval":{"confidence_level":0.95,"lower_bound":20.4391711278976,"upper_bound":20.866483020767923},"point_estimate":20.647646350402777,"standard_error":0.10904593869078912},"median":{"confidence_interval":{"confidence_level":0.95,"lower_bound":20.35459352910717,"upper_bound":20.8546974948133},"point_estimate":20.5845516292214,"standard_error":0.12811052098534045}}