{"mean":{"confidence_interval":{"confidence_level":0.95,"lower_bound":306223820.64125,"upper_bound":316499139.9},"point_estimate":311272249.8,"standard_error":2608048.8129738066},"median":{"confidence_interval":{"confidence_level":0.95,"lower_bound":304302636.5,"upper_bound":320663647.5},"point_estimate":305408664.5,"standard_error":5902203.950157717},"median_abs_dev":{"confidence_interval":{"confidence_level":0.95,"lower_bound":29971.499767899513,"upper_bound":12687524.592201412},"point_estimate":2147466.3721248507,"standard_error":4334908.931043004},"slope":null,"std_dev":{"confidence_interval":{"confidence_level":0.95,"lower_bound":5171578.77740415,"upper_bound":9440342.20126658},"point_estimate":8727714.043893049,"standard_error":1074766.2281871126}}