{"mean":{"confidence_interval":{"confidence_level":0.95,"lower_bound":21.64739954006405,"upper_bound":21.874903718947674},"point_estimate":21.7602615239364,"standard_error":0.05824650733506608},"median":{"confidence_interval":{"confidence_level":0.95,"lower_bound":21.643276947722157,"upper_bound":21.9303407927463},"point_estimate":21.782195416670497,"standard_error":0.07349605831646683}}