{"mean":{"confidence_interval":{"confidence_level":0.95,"lower_bound":109397690.42,"upper_bound":112645123.3005},"point_estimate":110849904.6,"standard_error":836787.3368809725},"median":{"confidence_interval":{"confidence_level":0.95,"lower_bound":108864698.0,"upper_bound":112508263.4},"point_estimate":109347560.4,"standard_error":1105311.8536463664},"median_abs_dev":{"confidence_interval":{"confidence_level":0.95,"lower_bound":94103.28900932823,"upper_bound":4373329.2208778905},"point_estimate":809995.0705397173,"standard_error":1209253.7713342474},"slope":null,"std_dev":{"confidence_interval":{"confidence_level":0.95,"lower_bound":976129.467065511,"upper_bound":3841781.7905314206},"point_estimate":2771218.207238492,"standard_error":785042.5462586645}}