{"mean":{"confidence_interval":{"confidence_level":0.95,"lower_bound":41095.341405316845,"upper_bound":41728.43563681983},"point_estimate":41382.42431984074,"standard_error":162.73117163934245},"median":{"confidence_interval":{"confidence_level":0.95,"lower_bound":40924.14880557399,"upper_bound":41222.40112806901},"point_estimate":41063.70371599204,"standard_error":88.2879418044955},"median_abs_dev":{"confidence_interval":{"confidence_level":0.95,"lower_bound":282.45349544995304,"upper_bound":748.8903182572934},"point_estimate":452.91166435469995,"standard_error":125.54723844455317},"slope":null,"std_dev":{"confidence_interval":{"confidence_level":0.95,"lower_bound":557.8890638583812,"upper_bound":1450.9582063906792},"point_estimate":1043.663724469531,"standard_error":235.83147106349068}}