{"mean":{"confidence_interval":{"confidence_level":0.95,"lower_bound":9140317.929954544,"upper_bound":9160237.96740909},"point_estimate":9150404.898181817,"standard_error":5115.677191421912},"median":{"confidence_interval":{"confidence_level":0.95,"lower_bound":9131375.672727272,"upper_bound":9165592.454545453},"point_estimate":9155401.863636363,"standard_error":8995.864630163742},"median_abs_dev":{"confidence_interval":{"confidence_level":0.95,"lower_bound":2430.938307752765,"upper_bound":28464.167331023902},"point_estimate":22933.7594310266,"standard_error":6916.896542455991},"slope":null,"std_dev":{"confidence_interval":{"confidence_level":0.95,"lower_bound":10732.721971604356,"upper_bound":19971.37470681518},"point_estimate":17038.668571458176,"standard_error":2359.581210526111}}