{"mean":{"confidence_interval":{"confidence_level":0.95,"lower_bound":346545.22063380294,"upper_bound":347927.91016901407},"point_estimate":347237.29640845075,"standard_error":353.9133771796404},"median":{"confidence_interval":{"confidence_level":0.95,"lower_bound":345912.91549295775,"upper_bound":347974.78169014084},"point_estimate":346885.57042253524,"standard_error":628.2086206226081},"median_abs_dev":{"confidence_interval":{"confidence_level":0.95,"lower_bound":2848.471301542233,"upper_bound":4639.760074670036},"point_estimate":3652.9801633156562,"standard_error":461.0930495360575},"slope":null,"std_dev":{"confidence_interval":{"confidence_level":0.95,"lower_bound":3090.7820200696706,"upper_bound":3979.9297862609947},"point_estimate":3558.4310717383632,"standard_error":225.63373037226125}}