{"mean":{"confidence_interval":{"confidence_level":0.95,"lower_bound":39687730.55384616,"upper_bound":39815042.360576935},"point_estimate":39748713.43076924,"standard_error":32627.166855996184},"median":{"confidence_interval":{"confidence_level":0.95,"lower_bound":39674524.07692308,"upper_bound":39848016.692307696},"point_estimate":39695162.0,"standard_error":50872.70206738549},"median_abs_dev":{"confidence_interval":{"confidence_level":0.95,"lower_bound":9696.4889432371,"upper_bound":175272.51270366955},"point_estimate":83952.73671723584,"standard_error":51619.783416679245},"slope":null,"std_dev":{"confidence_interval":{"confidence_level":0.95,"lower_bound":56763.94852367158,"upper_bound":133201.74289337915},"point_estimate":108869.86177851551,"standard_error":18997.4753176166}}