{"mean":{"confidence_interval":{"confidence_level":0.95,"lower_bound":581548109.4975001,"upper_bound":586357406.1725},"point_estimate":583626836.4,"standard_error":1246038.0481509157},"median":{"confidence_interval":{"confidence_level":0.95,"lower_bound":580769760.5,"upper_bound":584822033.0},"point_estimate":583045782.5,"standard_error":1123633.8038882536},"median_abs_dev":{"confidence_interval":{"confidence_level":0.95,"lower_bound":534058.4560185671,"upper_bound":4956505.91750443},"point_estimate":2922645.621612668,"standard_error":1129280.3497439818},"slope":null,"std_dev":{"confidence_interval":{"confidence_level":0.95,"lower_bound":1446972.173357579,"upper_bound":6011176.394454817},"point_estimate":4155128.3211496123,"standard_error":1390215.9269384341}}