{"mean":{"confidence_interval":{"confidence_level":0.95,"lower_bound":17156769.820689656,"upper_bound":17256471.212068964},"point_estimate":17206043.21724138,"standard_error":25487.319710042702},"median":{"confidence_interval":{"confidence_level":0.95,"lower_bound":17125374.379310343,"upper_bound":17275027.051724136},"point_estimate":17200003.413793102,"standard_error":37825.79435136079},"median_abs_dev":{"confidence_interval":{"confidence_level":0.95,"lower_bound":30459.096224760855,"upper_bound":141104.10078455985},"point_estimate":103900.58059332709,"standard_error":29972.710709610583},"slope":null,"std_dev":{"confidence_interval":{"confidence_level":0.95,"lower_bound":50228.37770005174,"upper_bound":105279.87025376839},"point_estimate":84816.17939482348,"standard_error":14101.401969474502}}