{"mean":{"confidence_interval":{"confidence_level":0.95,"lower_bound":13.944779423502592,"upper_bound":14.144464899160036},"point_estimate":14.044577310414162,"standard_error":0.050983855561791275},"median":{"confidence_interval":{"confidence_level":0.95,"lower_bound":13.808142978395576,"upper_bound":14.004884217054004},"point_estimate":13.877026295793854,"standard_error":0.04823006445705154}}