{"mean":{"confidence_interval":{"confidence_level":0.95,"lower_bound":59960362.35694444,"upper_bound":60410208.12222222},"point_estimate":60139645.48888888,"standard_error":121414.41992850852},"median":{"confidence_interval":{"confidence_level":0.95,"lower_bound":59931928.888888896,"upper_bound":60161550.88888889},"point_estimate":60065083.0,"standard_error":58545.32039866644},"median_abs_dev":{"confidence_interval":{"confidence_level":0.95,"lower_bound":16881.954066954524,"upper_bound":300599.6980299522},"point_estimate":147021.44982318208,"standard_error":73599.40407239532},"slope":null,"std_dev":{"confidence_interval":{"confidence_level":0.95,"lower_bound":79205.31078626351,"upper_bound":614043.9658391168},"point_estimate":403992.8782637071,"standard_error":175009.31727572542}}