{"mean":{"confidence_interval":{"confidence_level":0.95,"lower_bound":18.780290996051843,"upper_bound":18.92335017331461},"point_estimate":18.851384628745034,"standard_error":0.03687416927529954},"median":{"confidence_interval":{"confidence_level":0.95,"lower_bound":18.750023388209424,"upper_bound":18.949216171489716},"point_estimate":18.84224626831228,"standard_error":0.052566215827410084}}