{"mean":{"confidence_interval":{"confidence_level":0.95,"lower_bound":65292374.8625,"upper_bound":87981046.41749999},"point_estimate":75982100.9875,"standard_error":5807196.634011992},"median":{"confidence_interval":{"confidence_level":0.95,"lower_bound":61688091.5625,"upper_bound":86726510.125},"point_estimate":74468180.3125,"standard_error":6991635.6331674885},"median_abs_dev":{"confidence_interval":{"confidence_level":0.95,"lower_bound":4422476.001535356,"upper_bound":31609114.186438546},"point_estimate":17366528.28814499,"standard_error":6609923.036937213},"slope":null,"std_dev":{"confidence_interval":{"confidence_level":0.95,"lower_bound":9414477.473126397,"upper_bound":26148522.10333831},"point_estimate":19423140.944900542,"standard_error":4574134.100457625}}