{"mean":{"confidence_interval":{"confidence_level":0.95,"lower_bound":22914971.050416667,"upper_bound":22992890.105833333},"point_estimate":22953372.460000005,"standard_error":19883.77253469443},"median":{"confidence_interval":{"confidence_level":0.95,"lower_bound":22862628.0,"upper_bound":23013982.833333336},"point_estimate":22926234.333333336,"standard_error":39154.49198831871},"median_abs_dev":{"confidence_interval":{"confidence_level":0.95,"lower_bound":151040.3665184984,"upper_bound":236354.8523038644},"point_estimate":187575.5834698677,"standard_error":21594.39060554067},"slope":null,"std_dev":{"confidence_interval":{"confidence_level":0.95,"lower_bound":169373.59608661072,"upper_bound":227131.71377923642},"point_estimate":199825.70509276874,"standard_error":14738.696570708324}}