{"mean":{"confidence_interval":{"confidence_level":0.95,"lower_bound":60536602.91428572,"upper_bound":85144796.96642855},"point_estimate":72472635.54285714,"standard_error":6314999.640362463},"median":{"confidence_interval":{"confidence_level":0.95,"lower_bound":55244742.07142857,"upper_bound":88420597.57142857},"point_estimate":69153204.21428572,"standard_error":9133574.780193197},"median_abs_dev":{"confidence_interval":{"confidence_level":0.95,"lower_bound":6064998.792324751,"upper_bound":35433620.778627485},"point_estimate":24169098.341612726,"standard_error":7529513.125228727},"slope":null,"std_dev":{"confidence_interval":{"confidence_level":0.95,"lower_bound":11931861.13309476,"upper_bound":26570671.310666066},"point_estimate":21000221.879974633,"standard_error":3814690.727181481}}