{"mean":{"confidence_interval":{"confidence_level":0.95,"lower_bound":17.87798020068219,"upper_bound":17.981421758519986},"point_estimate":17.93160824697653,"standard_error":0.02641748539145803},"median":{"confidence_interval":{"confidence_level":0.95,"lower_bound":17.89801468593718,"upper_bound":18.020750263480693},"point_estimate":17.965014214043112,"standard_error":0.03080474973397176}}