{"mean":{"confidence_interval":{"confidence_level":0.95,"lower_bound":72900589.72000001,"upper_bound":103665784.78},"point_estimate":87952645.88000001,"standard_error":7874466.2811217345},"median":{"confidence_interval":{"confidence_level":0.95,"lower_bound":72131383.0,"upper_bound":105986429.8},"point_estimate":82646192.2,"standard_error":9434985.488061164},"median_abs_dev":{"confidence_interval":{"confidence_level":0.95,"lower_bound":3652685.854691872,"upper_bound":46349781.084086895},"point_estimate":19904664.627381567,"standard_error":10588967.20213917},"slope":null,"std_dev":{"confidence_interval":{"confidence_level":0.95,"lower_bound":12875120.041306207,"upper_bound":34854376.13586571},"point_estimate":26351474.538804207,"standard_error":5758367.057511788}}