{"mean":{"confidence_interval":{"confidence_level":0.95,"lower_bound":22.314589797578243,"upper_bound":22.93566480670801},"point_estimate":22.62193067947091,"standard_error":0.15878437714531027},"median":{"confidence_interval":{"confidence_level":0.95,"lower_bound":22.202357543506487,"upper_bound":23.093153256297654},"point_estimate":22.81756070734569,"standard_error":0.23658092552998164}}