{"mean":{"confidence_interval":{"confidence_level":0.95,"lower_bound":150453183.625,"upper_bound":152759638.025},"point_estimate":151596242.35,"standard_error":587592.1151961661},"median":{"confidence_interval":{"confidence_level":0.95,"lower_bound":150388953.0,"upper_bound":152809890.875},"point_estimate":151300882.875,"standard_error":643486.8212386083},"median_abs_dev":{"confidence_interval":{"confidence_level":0.95,"lower_bound":275248.76226335764,"upper_bound":3323043.427529186},"point_estimate":1927545.4610042274,"standard_error":757313.4449716153},"slope":null,"std_dev":{"confidence_interval":{"confidence_level":0.95,"lower_bound":933127.3521904135,"upper_bound":2602521.8481496624},"point_estimate":1949967.816389504,"standard_error":427175.5568185877}}