{"mean":{"confidence_interval":{"confidence_level":0.95,"lower_bound":0.14532593251539633,"upper_bound":0.17745986240042616},"point_estimate":0.16086297244932912,"standard_error":0.008257669094020061},"median":{"confidence_interval":{"confidence_level":0.95,"lower_bound":0.1364568909254109,"upper_bound":0.1804369561826212},"point_estimate":0.15468179233161083,"standard_error":0.011357714816679425}}