{"mean":{"confidence_interval":{"confidence_level":0.95,"lower_bound":47251.99031908886,"upper_bound":47720.24764471951},"point_estimate":47481.684375,"standard_error":119.87216844200651},"median":{"confidence_interval":{"confidence_level":0.95,"lower_bound":47102.20519578313,"upper_bound":47676.20237198795},"point_estimate":47343.73512801205,"standard_error":160.09014220312164},"median_abs_dev":{"confidence_interval":{"confidence_level":0.95,"lower_bound":423.79472726530014,"upper_bound":1071.5159176108227},"point_estimate":681.6094289758203,"standard_error":175.98608296031884},"slope":null,"std_dev":{"confidence_interval":{"confidence_level":0.95,"lower_bound":610.0731643281681,"upper_bound":892.1748725264882},"point_estimate":768.9856862489185,"standard_error":71.8080125201951}}