{"mean":{"confidence_interval":{"confidence_level":0.95,"lower_bound":52688.621513431906,"upper_bound":53237.69270694503},"point_estimate":52960.63128904624,"standard_error":139.7695782154573},"median":{"confidence_interval":{"confidence_level":0.95,"lower_bound":52615.80924614744,"upper_bound":53351.5485214494},"point_estimate":52939.46855476884,"standard_error":185.41085305552116},"median_abs_dev":{"confidence_interval":{"confidence_level":0.95,"lower_bound":586.6770359400866,"upper_bound":1248.233397956041},"point_estimate":925.6045768616844,"standard_error":162.50169646282845},"slope":null,"std_dev":{"confidence_interval":{"confidence_level":0.95,"lower_bound":696.8606388195726,"upper_bound":1054.8211594430702},"point_estimate":892.7634465673405,"standard_error":91.42259319689293}}