{"mean":{"confidence_interval":{"confidence_level":0.95,"lower_bound":9614178.216442307,"upper_bound":9639411.791778846},"point_estimate":9626469.559615385,"standard_error":6466.053681457336},"median":{"confidence_interval":{"confidence_level":0.95,"lower_bound":9608585.26923077,"upper_bound":9647087.548076924},"point_estimate":9620344.625,"standard_error":10933.876818204433},"median_abs_dev":{"confidence_interval":{"confidence_level":0.95,"lower_bound":2267.6509155095296,"upper_bound":34791.53207271102},"point_estimate":22651.661349774957,"standard_error":8455.80771782053},"slope":null,"std_dev":{"confidence_interval":{"confidence_level":0.95,"lower_bound":12677.397894022039,"upper_bound":25755.34503123211},"point_estimate":21597.29038569941,"standard_error":3276.84629547183}}