{"mean":{"confidence_interval":{"confidence_level":0.95,"lower_bound":20.349489858594964,"upper_bound":20.544717157192476},"point_estimate":20.445477976773923,"standard_error":0.04975209048082566},"median":{"confidence_interval":{"confidence_level":0.95,"lower_bound":20.303778575276073,"upper_bound":20.515587275015978},"point_estimate":20.409634790684883,"standard_error":0.0596886439752279}}