{"mean":{"confidence_interval":{"confidence_level":0.95,"lower_bound":24.2406938584993,"upper_bound":24.61967760484389},"point_estimate":24.43219939404339,"standard_error":0.09641059172583416},"median":{"confidence_interval":{"confidence_level":0.95,"lower_bound":24.162071061562692,"upper_bound":24.52790954576679},"point_estimate":24.349671816825754,"standard_error":0.09618277389920009}}