{"mean":{"confidence_interval":{"confidence_level":0.95,"lower_bound":245557883.54083332,"upper_bound":247956083.5025},"point_estimate":246482079.2333333,"standard_error":664261.905768264},"median":{"confidence_interval":{"confidence_level":0.95,"lower_bound":245363657.33333334,"upper_bound":246726160.66666666},"point_estimate":245684274.1666667,"standard_error":364830.2808331104},"median_abs_dev":{"confidence_interval":{"confidence_level":0.95,"lower_bound":89274.26321509446,"upper_bound":1508463.6831194088},"point_estimate":539702.4670183806,"standard_error":373702.689418018},"slope":null,"std_dev":{"confidence_interval":{"confidence_level":0.95,"lower_bound":282229.63240178215,"upper_bound":3377998.711303294},"point_estimate":2213526.286741346,"standard_error":1013395.8877031023}}