{"mean":{"confidence_interval":{"confidence_level":0.95,"lower_bound":4062517.942276423,"upper_bound":4097026.4756097556},"point_estimate":4078594.4666666663,"standard_error":8898.994792992604},"median":{"confidence_interval":{"confidence_level":0.95,"lower_bound":4052966.0975609757,"upper_bound":4113066.325203252},"point_estimate":4067657.593495935,"standard_error":13031.61819356119},"median_abs_dev":{"confidence_interval":{"confidence_level":0.95,"lower_bound":1115.6805875099208,"upper_bound":47136.13823877621},"point_estimate":22461.799425613855,"standard_error":11763.429563996666},"slope":null,"std_dev":{"confidence_interval":{"confidence_level":0.95,"lower_bound":8599.33062317243,"upper_bound":34945.42532327987},"point_estimate":29650.80191606764,"standard_error":5418.3880446172}}