{"mean":{"confidence_interval":{"confidence_level":0.95,"lower_bound":248270530.94166666,"upper_bound":250519062.3},"point_estimate":249178994.9,"standard_error":601920.5040546845},"median":{"confidence_interval":{"confidence_level":0.95,"lower_bound":247984984.3333333,"upper_bound":249447486.33333334},"point_estimate":248820001.6666667,"standard_error":395435.28461237997},"median_abs_dev":{"confidence_interval":{"confidence_level":0.95,"lower_bound":233058.2912623735,"upper_bound":1764277.6600778103},"point_estimate":952458.5467904585,"standard_error":386120.9591353403},"slope":null,"std_dev":{"confidence_interval":{"confidence_level":0.95,"lower_bound":508024.818622729,"upper_bound":3032527.7275798446},"point_estimate":2012816.9902384928,"standard_error":833570.8324316512}}