{"mean":{"confidence_interval":{"confidence_level":0.95,"lower_bound":651475478.4,"upper_bound":680014170.4599999},"point_estimate":665508733.4,"standard_error":7297410.528141985},"median":{"confidence_interval":{"confidence_level":0.95,"lower_bound":643024087.0,"upper_bound":689828878.5},"point_estimate":657005699.5,"standard_error":13765595.327467855},"median_abs_dev":{"confidence_interval":{"confidence_level":0.95,"lower_bound":4034374.6944755316,"upper_bound":37493560.43165624},"point_estimate":28844680.051204562,"standard_error":9158453.177042112},"slope":null,"std_dev":{"confidence_interval":{"confidence_level":0.95,"lower_bound":15712342.160626514,"upper_bound":27985345.467283968},"point_estimate":24359571.854479525,"standard_error":3140046.0427061724}}