{"mean":{"confidence_interval":{"confidence_level":0.95,"lower_bound":18.093584553034553,"upper_bound":18.21675249128149},"point_estimate":18.15508998786217,"standard_error":0.031489491565143496},"median":{"confidence_interval":{"confidence_level":0.95,"lower_bound":18.107503479702572,"upper_bound":18.245707447376372},"point_estimate":18.196984750677032,"standard_error":0.035420046765517216}}