{"mean":{"confidence_interval":{"confidence_level":0.95,"lower_bound":18.374229402755905,"upper_bound":19.053493198979773},"point_estimate":18.70679181152149,"standard_error":0.1730792938314997},"median":{"confidence_interval":{"confidence_level":0.95,"lower_bound":18.193814213863362,"upper_bound":19.025911817109964},"point_estimate":18.682960844688363,"standard_error":0.23678811259213575}}