{"mean":{"confidence_interval":{"confidence_level":0.95,"lower_bound":82165111.88571429,"upper_bound":82596056.39999999},"point_estimate":82343545.1,"standard_error":114294.580656432},"median":{"confidence_interval":{"confidence_level":0.95,"lower_bound":82118316.85714287,"upper_bound":82413067.85714285},"point_estimate":82250416.57142857,"standard_error":79860.18754555238},"median_abs_dev":{"confidence_interval":{"confidence_level":0.95,"lower_bound":51783.40468065606,"upper_bound":351897.85715255473},"point_estimate":192454.7140832411,"standard_error":78065.55066972855},"slope":null,"std_dev":{"confidence_interval":{"confidence_level":0.95,"lower_bound":102007.31153854541,"upper_bound":571058.9499943471},"point_estimate":381686.6862338893,"standard_error":150277.25397624847}}