{"mean":{"confidence_interval":{"confidence_level":0.95,"lower_bound":44404.44770414122,"upper_bound":44765.01387980595},"point_estimate":44583.64787100253,"standard_error":92.01923384728438},"median":{"confidence_interval":{"confidence_level":0.95,"lower_bound":44367.238950772546,"upper_bound":44730.63636363637},"point_estimate":44519.97862019403,"standard_error":79.97590679828228},"median_abs_dev":{"confidence_interval":{"confidence_level":0.95,"lower_bound":307.32012023568063,"upper_bound":774.29462861787},"point_estimate":557.3030971127121,"standard_error":119.38727609142386},"slope":null,"std_dev":{"confidence_interval":{"confidence_level":0.95,"lower_bound":453.6032790338301,"upper_bound":699.2237425752419},"point_estimate":588.8330382489823,"standard_error":62.75636023211621}}