{"mean":{"confidence_interval":{"confidence_level":0.95,"lower_bound":642958.1104381443,"upper_bound":648506.5652029638},"point_estimate":645384.4291237113,"standard_error":1437.130961924194},"median":{"confidence_interval":{"confidence_level":0.95,"lower_bound":642220.1443298969,"upper_bound":644655.9355670103},"point_estimate":643679.5283505155,"standard_error":732.9392468926615},"median_abs_dev":{"confidence_interval":{"confidence_level":0.95,"lower_bound":1993.9479403735497,"upper_bound":4052.587678567597},"point_estimate":2952.5787419112153,"standard_error":547.1331788916538},"slope":null,"std_dev":{"confidence_interval":{"confidence_level":0.95,"lower_bound":2750.826392906212,"upper_bound":13480.584367877671},"point_estimate":9221.32856334935,"standard_error":2775.350146956269}}