{"mean":{"confidence_interval":{"confidence_level":0.95,"lower_bound":453674396.38,"upper_bound":464865122.0},"point_estimate":458709154.95,"standard_error":2883231.3144537043},"median":{"confidence_interval":{"confidence_level":0.95,"lower_bound":451487408.5,"upper_bound":464414389.5},"point_estimate":456637980.75,"standard_error":2917308.802417106},"median_abs_dev":{"confidence_interval":{"confidence_level":0.95,"lower_bound":328991.5287092328,"upper_bound":14751796.349403262},"point_estimate":5717635.678991675,"standard_error":3456922.3261154136},"slope":null,"std_dev":{"confidence_interval":{"confidence_level":0.95,"lower_bound":3365586.717951561,"upper_bound":13021924.675016962},"point_estimate":9634636.656018933,"standard_error":2630681.756081987}}