{"mean":{"confidence_interval":{"confidence_level":0.95,"lower_bound":9874569.220875,"upper_bound":9913707.134874998},"point_estimate":9893420.903333332,"standard_error":9978.110421390684},"median":{"confidence_interval":{"confidence_level":0.95,"lower_bound":9854250.833333334,"upper_bound":9910245.0},"point_estimate":9872756.833333334,"standard_error":13810.34611930224},"median_abs_dev":{"confidence_interval":{"confidence_level":0.95,"lower_bound":68417.91163533926,"upper_bound":108849.4013175373},"point_estimate":92565.01740664244,"standard_error":10254.526796440488},"slope":null,"std_dev":{"confidence_interval":{"confidence_level":0.95,"lower_bound":76951.74103576076,"upper_bound":128015.43820415164},"point_estimate":100346.3037780266,"standard_error":13843.039823141957}}