{"mean":{"confidence_interval":{"confidence_level":0.95,"lower_bound":5222140.126041667,"upper_bound":5260869.572916666},"point_estimate":5237167.560416667,"standard_error":10686.869819570768},"median":{"confidence_interval":{"confidence_level":0.95,"lower_bound":5220365.895833333,"upper_bound":5239288.885416667},"point_estimate":5225006.020833333,"standard_error":5609.316494693816},"median_abs_dev":{"confidence_interval":{"confidence_level":0.95,"lower_bound":1381.2272004783154,"upper_bound":22557.001855784085},"point_estimate":11265.813887491822,"standard_error":5885.061437617492},"slope":null,"std_dev":{"confidence_interval":{"confidence_level":0.95,"lower_bound":6418.900672712927,"upper_bound":54429.08169531188},"point_estimate":35659.94168033497,"standard_error":16226.649788245419}}