{"mean":{"confidence_interval":{"confidence_level":0.95,"lower_bound":16658676.74191666,"upper_bound":16726120.768916665},"point_estimate":16691857.609999996,"standard_error":17212.307915410507},"median":{"confidence_interval":{"confidence_level":0.95,"lower_bound":16627691.666666666,"upper_bound":16714521.0},"point_estimate":16678421.166666666,"standard_error":21645.60218582896},"median_abs_dev":{"confidence_interval":{"confidence_level":0.95,"lower_bound":122376.27282738594,"upper_bound":221235.2977722888},"point_estimate":176506.24496638868,"standard_error":25425.00160069176},"slope":null,"std_dev":{"confidence_interval":{"confidence_level":0.95,"lower_bound":146883.9662374478,"upper_bound":197564.17271015217},"point_estimate":173389.46973505476,"standard_error":12900.21043377907}}