{"mean":{"confidence_interval":{"confidence_level":0.95,"lower_bound":33754.16225924919,"upper_bound":33930.523882276924},"point_estimate":33840.294613710554,"standard_error":45.03450480408057},"median":{"confidence_interval":{"confidence_level":0.95,"lower_bound":33730.44028835691,"upper_bound":33921.05141458106},"point_estimate":33799.96585963003,"standard_error":49.288519001550156},"median_abs_dev":{"confidence_interval":{"confidence_level":0.95,"lower_bound":159.10866858439348,"upper_bound":338.999750864036},"point_estimate":250.87458920767267,"standard_error":46.294898812082586},"slope":null,"std_dev":{"confidence_interval":{"confidence_level":0.95,"lower_bound":208.3611585965765,"upper_bound":355.42797620525204},"point_estimate":288.9877210345214,"standard_error":37.55780755549237}}