{"mean":{"confidence_interval":{"confidence_level":0.95,"lower_bound":35261607.483333334,"upper_bound":44553069.49979165},"point_estimate":40008368.13333333,"standard_error":2388522.4486695197},"median":{"confidence_interval":{"confidence_level":0.95,"lower_bound":34119054.916666664,"upper_bound":46329877.625},"point_estimate":41412436.66666667,"standard_error":3322230.0180311264},"median_abs_dev":{"confidence_interval":{"confidence_level":0.95,"lower_bound":1510533.083807688,"upper_bound":13189967.715731263},"point_estimate":8902075.03568158,"standard_error":2953342.254824966},"slope":null,"std_dev":{"confidence_interval":{"confidence_level":0.95,"lower_bound":4440574.58566881,"upper_bound":10132385.817177922},"point_estimate":7948036.695335131,"standard_error":1461961.7631841118}}