{"mean":{"confidence_interval":{"confidence_level":0.95,"lower_bound":197474545.80416664,"upper_bound":204440951.66583332},"point_estimate":200981095.1666667,"standard_error":1786152.4048419446},"median":{"confidence_interval":{"confidence_level":0.95,"lower_bound":194311055.0,"upper_bound":206299398.66666666},"point_estimate":201436662.33333334,"standard_error":2949987.7617227146},"median_abs_dev":{"confidence_interval":{"confidence_level":0.95,"lower_bound":1195039.8247837946,"upper_bound":9874643.630289987},"point_estimate":7661979.553672649,"standard_error":2317437.9237262188},"slope":null,"std_dev":{"confidence_interval":{"confidence_level":0.95,"lower_bound":3652028.7136108703,"upper_bound":7101740.257172285},"point_estimate":5959644.281212965,"standard_error":868886.530240396}}