{"mean":{"confidence_interval":{"confidence_level":0.95,"lower_bound":1374587533.7,"upper_bound":1382369945.4375},"point_estimate":1378413543.2,"standard_error":1990688.5387146946},"median":{"confidence_interval":{"confidence_level":0.95,"lower_bound":1372907712.5,"upper_bound":1383447000.0},"point_estimate":1377920205.0,"standard_error":1988334.0559371463},"median_abs_dev":{"confidence_interval":{"confidence_level":0.95,"lower_bound":498470.8675503731,"upper_bound":13145589.792019129},"point_estimate":3030527.7499973774,"standard_error":3405642.1796705793},"slope":null,"std_dev":{"confidence_interval":{"confidence_level":0.95,"lower_bound":3291948.4655759474,"upper_bound":8499665.595290238},"point_estimate":6610986.080744364,"standard_error":1336451.4337684936}}