{"mean":{"confidence_interval":{"confidence_level":0.95,"lower_bound":25.726229142780642,"upper_bound":26.482632434275565},"point_estimate":26.095227215833365,"standard_error":0.1932114700032785},"median":{"confidence_interval":{"confidence_level":0.95,"lower_bound":25.652553440549664,"upper_bound":26.321518518495356},"point_estimate":25.85798286155563,"standard_error":0.1712697770410363}}