{"mean":{"confidence_interval":{"confidence_level":0.95,"lower_bound":12.531624939070468,"upper_bound":13.02848501543984},"point_estimate":12.775342799450073,"standard_error":0.12652893412204788},"median":{"confidence_interval":{"confidence_level":0.95,"lower_bound":12.496855375018797,"upper_bound":12.977583997810678},"point_estimate":12.686861707475245,"standard_error":0.13983221289582248}}