{"mean":{"confidence_interval":{"confidence_level":0.95,"lower_bound":184566213.31625,"upper_bound":286637501.5},"point_estimate":229119677.95,"standard_error":26487235.99070222},"median":{"confidence_interval":{"confidence_level":0.95,"lower_bound":174051357.0,"upper_bound":258525044.75},"point_estimate":209630343.5,"standard_error":19430100.29667805},"median_abs_dev":{"confidence_interval":{"confidence_level":0.95,"lower_bound":3359472.206157446,"upper_bound":106888124.42145646},"point_estimate":44960752.294287086,"standard_error":27328380.73697667},"slope":null,"std_dev":{"confidence_interval":{"confidence_level":0.95,"lower_bound":29818666.99526295,"upper_bound":127145125.98669466},"point_estimate":88215940.8383655,"standard_error":29190819.246882338}}