{"mean":{"confidence_interval":{"confidence_level":0.95,"lower_bound":4027801.8319999985,"upper_bound":4045247.2262499956},"point_estimate":4036298.9515384627,"standard_error":4425.733081444188},"median":{"confidence_interval":{"confidence_level":0.95,"lower_bound":4024339.4615384615,"upper_bound":4042296.5384615385},"point_estimate":4034984.230769231,"standard_error":4937.543836198763},"median_abs_dev":{"confidence_interval":{"confidence_level":0.95,"lower_bound":32032.42777746468,"upper_bound":50039.97301161289},"point_estimate":43471.4848974578,"standard_error":4574.966084890374},"slope":null,"std_dev":{"confidence_interval":{"confidence_level":0.95,"lower_bound":35508.27036838199,"upper_bound":53229.37552625253},"point_estimate":44516.41044900008,"standard_error":4555.790392753272}}