{"mean":{"confidence_interval":{"confidence_level":0.95,"lower_bound":6542153.9393125,"upper_bound":6571836.3267187495},"point_estimate":6556551.99625,"standard_error":7596.573593090888},"median":{"confidence_interval":{"confidence_level":0.95,"lower_bound":6536809.375,"upper_bound":6562813.625},"point_estimate":6552336.875,"standard_error":6173.025063189409},"median_abs_dev":{"confidence_interval":{"confidence_level":0.95,"lower_bound":53317.44557842612,"upper_bound":83130.49247413874},"point_estimate":66818.46425123513,"standard_error":7308.5255991552895},"slope":null,"std_dev":{"confidence_interval":{"confidence_level":0.95,"lower_bound":59226.25828006478,"upper_bound":94421.34175609112},"point_estimate":76091.43147387978,"standard_error":9179.085720327826}}