{"mean":{"confidence_interval":{"confidence_level":0.95,"lower_bound":380324282.20250005,"upper_bound":392400358.96125},"point_estimate":385971024.7,"standard_error":3118581.4765079953},"median":{"confidence_interval":{"confidence_level":0.95,"lower_bound":377410549.5,"upper_bound":397730332.0},"point_estimate":381494064.75,"standard_error":5093813.882319374},"median_abs_dev":{"confidence_interval":{"confidence_level":0.95,"lower_bound":633854.4841468334,"upper_bound":16467728.27758938},"point_estimate":6817354.580117762,"standard_error":4249252.147280847},"slope":null,"std_dev":{"confidence_interval":{"confidence_level":0.95,"lower_bound":3969764.5078225047,"upper_bound":12261407.203579755},"point_estimate":10387736.668431394,"standard_error":1843459.0261176429}}