{"mean":{"confidence_interval":{"confidence_level":0.95,"lower_bound":24387.797171485374,"upper_bound":24515.89764824268},"point_estimate":24453.68175436875,"standard_error":32.75055186457066},"median":{"confidence_interval":{"confidence_level":0.95,"lower_bound":24401.617612409187,"upper_bound":24548.360298448853},"point_estimate":24500.980856076967,"standard_error":35.997794981677245},"median_abs_dev":{"confidence_interval":{"confidence_level":0.95,"lower_bound":107.33668660804149,"upper_bound":254.400822854386},"point_estimate":197.65767840723177,"standard_error":36.18493637424412},"slope":null,"std_dev":{"confidence_interval":{"confidence_level":0.95,"lower_bound":155.93967549459293,"upper_bound":253.5179900538729},"point_estimate":209.6309651383778,"standard_error":24.946069825446394}}