{"mean":{"confidence_interval":{"confidence_level":0.95,"lower_bound":8083336.283535714,"upper_bound":8112901.438964287},"point_estimate":8098082.504285717,"standard_error":7557.913754202555},"median":{"confidence_interval":{"confidence_level":0.95,"lower_bound":8070399.857142857,"upper_bound":8105496.0},"point_estimate":8084316.142857143,"standard_error":8195.106452953545},"median_abs_dev":{"confidence_interval":{"confidence_level":0.95,"lower_bound":54013.8413185629,"upper_bound":94556.69985128359},"point_estimate":69776.66156121703,"standard_error":10829.419715295491},"slope":null,"std_dev":{"confidence_interval":{"confidence_level":0.95,"lower_bound":65670.82052097273,"upper_bound":84548.0017622774},"point_estimate":75707.34397024947,"standard_error":4839.6127249369265}}