{"mean":{"confidence_interval":{"confidence_level":0.95,"lower_bound":152333706.8,"upper_bound":156480435.7},"point_estimate":154139945.675,"standard_error":1076364.5431654577},"median":{"confidence_interval":{"confidence_level":0.95,"lower_bound":152099929.25,"upper_bound":156014189.75},"point_estimate":152298885.875,"standard_error":919551.0244882801},"median_abs_dev":{"confidence_interval":{"confidence_level":0.95,"lower_bound":48733.431784808636,"upper_bound":4880813.258448243},"point_estimate":666396.2562941015,"standard_error":1066403.6686111982},"slope":null,"std_dev":{"confidence_interval":{"confidence_level":0.95,"lower_bound":529877.831750021,"upper_bound":4879598.802794878},"point_estimate":3591799.647791488,"standard_error":1159119.49513696}}