{"mean":{"confidence_interval":{"confidence_level":0.95,"lower_bound":554663807.2,"upper_bound":568621059.5975},"point_estimate":560959906.3,"standard_error":3596376.0519667384},"median":{"confidence_interval":{"confidence_level":0.95,"lower_bound":552795182.5,"upper_bound":568065842.0},"point_estimate":556115184.0,"standard_error":4074261.264326168},"median_abs_dev":{"confidence_interval":{"confidence_level":0.95,"lower_bound":971207.50605762,"upper_bound":18417768.672019243},"point_estimate":5682385.382017493,"standard_error":4429850.4457908105},"slope":null,"std_dev":{"confidence_interval":{"confidence_level":0.95,"lower_bound":3158149.1182144117,"upper_bound":16080221.104873214},"point_estimate":11993181.639368512,"standard_error":3193190.9583655233}}