{"mean":{"confidence_interval":{"confidence_level":0.95,"lower_bound":9602594.798039217,"upper_bound":10524584.549019607},"point_estimate":10067059.984313726,"standard_error":237358.91830809953},"median":{"confidence_interval":{"confidence_level":0.95,"lower_bound":9268885.450980391,"upper_bound":10854752.705882354},"point_estimate":10047549.147058822,"standard_error":461954.80485249666},"median_abs_dev":{"confidence_interval":{"confidence_level":0.95,"lower_bound":46504.88779790326,"upper_bound":1283749.5226500677},"point_estimate":1176997.527898237,"standard_error":370910.0886263277},"slope":null,"std_dev":{"confidence_interval":{"confidence_level":0.95,"lower_bound":512169.8564273595,"upper_bound":905034.6536892336},"point_estimate":788247.5863803596,"standard_error":100177.57356021424}}