{"mean":{"confidence_interval":{"confidence_level":0.95,"lower_bound":2258041.2722934783,"upper_bound":2265861.8153043482},"point_estimate":2261919.5952173914,"standard_error":1991.66309149799},"median":{"confidence_interval":{"confidence_level":0.95,"lower_bound":2255545.434782609,"upper_bound":2266632.565217391},"point_estimate":2261727.1304347827,"standard_error":2536.3404524706166},"median_abs_dev":{"confidence_interval":{"confidence_level":0.95,"lower_bound":16867.37874837036,"upper_bound":26526.00188993906},"point_estimate":22260.368383060348,"standard_error":2499.9015548772586},"slope":null,"std_dev":{"confidence_interval":{"confidence_level":0.95,"lower_bound":17462.184411387105,"upper_bound":22301.60843091704},"point_estimate":20016.8720483662,"standard_error":1235.8559404160828}}