{"mean":{"confidence_interval":{"confidence_level":0.95,"lower_bound":312419932.65,"upper_bound":315148685.85375},"point_estimate":313594942.45,"standard_error":707545.1001102722},"median":{"confidence_interval":{"confidence_level":0.95,"lower_bound":312292390.0,"upper_bound":314282907.75},"point_estimate":312778402.75,"standard_error":519332.55619926716},"median_abs_dev":{"confidence_interval":{"confidence_level":0.95,"lower_bound":135008.14815312624,"upper_bound":2862074.3703380227},"point_estimate":726574.0626007318,"standard_error":772889.0810427576},"slope":null,"std_dev":{"confidence_interval":{"confidence_level":0.95,"lower_bound":604060.5763488921,"upper_bound":3372249.6801856006},"point_estimate":2357875.374123863,"standard_error":783487.9962337681}}