{"mean":{"confidence_interval":{"confidence_level":0.95,"lower_bound":19.6873124030727,"upper_bound":19.822370880719177},"point_estimate":19.755589047448492,"standard_error":0.0344532387838955},"median":{"confidence_interval":{"confidence_level":0.95,"lower_bound":19.689006401687102,"upper_bound":19.867385015156906},"point_estimate":19.7862517534996,"standard_error":0.04758845359298193}}