{"mean":{"confidence_interval":{"confidence_level":0.95,"lower_bound":25657214.400374997,"upper_bound":25719875.79925},"point_estimate":25687960.439999998,"standard_error":16025.600035579711},"median":{"confidence_interval":{"confidence_level":0.95,"lower_bound":25650020.15,"upper_bound":25721640.725},"point_estimate":25685124.15,"standard_error":17463.296506523056},"median_abs_dev":{"confidence_interval":{"confidence_level":0.95,"lower_bound":14415.875519067049,"upper_bound":88772.0448289795},"point_estimate":50065.95557615216,"standard_error":19828.680721850942},"slope":null,"std_dev":{"confidence_interval":{"confidence_level":0.95,"lower_bound":26264.56782408004,"upper_bound":70504.64278654354},"point_estimate":53465.73748848514,"standard_error":11345.598305041074}}