{"mean":{"confidence_interval":{"confidence_level":0.95,"lower_bound":93482.32150534113,"upper_bound":95689.655029048},"point_estimate":94518.35172413793,"standard_error":564.8328022551908},"median":{"confidence_interval":{"confidence_level":0.95,"lower_bound":93051.78335832084,"upper_bound":94975.89580209895},"point_estimate":94105.85832083959,"standard_error":447.08065300136997},"median_abs_dev":{"confidence_interval":{"confidence_level":0.95,"lower_bound":1649.9031563905235,"upper_bound":3802.5171761949814},"point_estimate":2531.207703862692,"standard_error":567.9358135306979},"slope":null,"std_dev":{"confidence_interval":{"confidence_level":0.95,"lower_bound":2181.77388802277,"upper_bound":4774.335310184962},"point_estimate":3608.90698084615,"standard_error":677.226407195593}}