{"mean":{"confidence_interval":{"confidence_level":0.95,"lower_bound":83723462.62,"upper_bound":135796659.71899998},"point_estimate":108334555.22,"standard_error":13378614.858219137},"median":{"confidence_interval":{"confidence_level":0.95,"lower_bound":71207765.8,"upper_bound":141704040.6},"point_estimate":98392439.6,"standard_error":17525482.678352326},"median_abs_dev":{"confidence_interval":{"confidence_level":0.95,"lower_bound":9555694.714892505,"upper_bound":71866392.6204765},"point_estimate":45770123.33849787,"standard_error":16983783.05006531},"slope":null,"std_dev":{"confidence_interval":{"confidence_level":0.95,"lower_bound":20147553.68888238,"upper_bound":56411123.99308885},"point_estimate":44616268.81074203,"standard_error":8975861.001261342}}