{"mean":{"confidence_interval":{"confidence_level":0.95,"lower_bound":19602723.33991667,"upper_bound":19673247.68425},"point_estimate":19637749.53333334,"standard_error":17992.304557349373},"median":{"confidence_interval":{"confidence_level":0.95,"lower_bound":19583335.0,"upper_bound":19684827.666666668},"point_estimate":19631861.666666668,"standard_error":28154.00802062927},"median_abs_dev":{"confidence_interval":{"confidence_level":0.95,"lower_bound":142283.3897739658,"upper_bound":214037.76910007},"point_estimate":168870.11380195434,"standard_error":19397.369995528214},"slope":null,"std_dev":{"confidence_interval":{"confidence_level":0.95,"lower_bound":150385.6813563412,"upper_bound":209016.91486180294},"point_estimate":180567.11878247067,"standard_error":15005.4037692337}}