{"mean":{"confidence_interval":{"confidence_level":0.95,"lower_bound":58208821.74444445,"upper_bound":58388313.555555545},"point_estimate":58294747.37777778,"standard_error":46025.47143875507},"median":{"confidence_interval":{"confidence_level":0.95,"lower_bound":58149912.0,"upper_bound":58422557.222222224},"point_estimate":58294506.222222224,"standard_error":73474.81866976731},"median_abs_dev":{"confidence_interval":{"confidence_level":0.95,"lower_bound":13037.242868542671,"upper_bound":274860.69172024727},"point_estimate":204607.60960082704,"standard_error":77030.64824608089},"slope":null,"std_dev":{"confidence_interval":{"confidence_level":0.95,"lower_bound":85186.94005882661,"upper_bound":189459.94809306817},"point_estimate":153326.68119948904,"standard_error":27116.13474421955}}